{
  "rmse": 582.0350112662406,
  "mae": 182.8643869471534,
  "mape": 1.5716671025052888,
  "r2": 0.9463382429931194,
  "explained_variance": 0.9469131199648394,
  "per_target": {
    "CompressorHealth": {
      "rmse": 0.012138258366334741,
      "mae": 0.009884516427693692,
      "mape": 1.137302118562431,
      "r2": 0.9626028535129194
    },
    "CombustorHealth": {
      "rmse": 0.0072660326549117684,
      "mae": 0.005086465667834067,
      "mape": 0.5345213270962638,
      "r2": 0.9055790263531981
    },
    "TurbineHealth": {
      "rmse": 0.016192230419636352,
      "mae": 0.010297058300396962,
      "mape": 1.1458215216919234,
      "r2": 0.8719772679350478
    },
    "OverallHealth": {
      "rmse": 0.009003698858237692,
      "mae": 0.006792482046861188,
      "mape": 0.7535250282111631,
      "r2": 0.9575234862501639
    },
    "Thrust": {
      "rmse": 1425.688789846778,
      "mae": 1097.1542605545221,
      "mape": 2.849763639619891,
      "r2": 0.9928248796020046
    },
    "TSFC": {
      "rmse": 7.309786480169374e-07,
      "mae": 6.059553785365599e-07,
      "mape": 3.009068979850062,
      "r2": 0.987521944305383
    }
  }
}