{
  "rmse": 147.00565007687229,
  "mae": 47.20697647126108,
  "mape": 1.3321714829454663,
  "r2": 0.9857079369361242,
  "explained_variance": 0.9864857880843747,
  "per_target": {
    "CompressorHealth": {
      "rmse": 0.005281062510805635,
      "mae": 0.0043024781009831274,
      "mape": 0.48788470392821986,
      "r2": 0.9938209412020205
    },
    "CombustorHealth": {
      "rmse": 0.005248064911156606,
      "mae": 0.004270122309441602,
      "mape": 0.4815200193889327,
      "r2": 0.9939590904207347
    },
    "TurbineHealth": {
      "rmse": 0.0051507812925176005,
      "mae": 0.004175220277046462,
      "mape": 0.4775166105366537,
      "r2": 0.9940014792060924
    },
    "OverallHealth": {
      "rmse": 0.005243114991825335,
      "mae": 0.004267305274617199,
      "mape": 0.48553018505844825,
      "r2": 0.9938723413985514
    },
    "Thrust": {
      "rmse": 360.08883184249174,
      "mae": 283.2248412763462,
      "mape": 2.3170759362636977,
      "r2": 0.9685029878680482
    },
    "TSFC": {
      "rmse": 3.24429915022189e-06,
      "mae": 2.4252582286991948e-06,
      "mape": 3.7435014424968447,
      "r2": 0.9700907815212987
    }
  }
}