{
  "rmse": 718.3978367050928,
  "mae": 219.68912963116443,
  "mape": 2.2877183748403653,
  "r2": 0.869362618169629,
  "explained_variance": 0.9333695711296297,
  "per_target": {
    "CompressorHealth": {
      "rmse": 0.018953394575743392,
      "mae": 0.016061430166181397,
      "mape": 1.8798923765706934,
      "r2": 0.9345067151389035
    },
    "CombustorHealth": {
      "rmse": 0.014218084167040481,
      "mae": 0.011619460599483312,
      "mape": 1.2393579076453045,
      "r2": 0.796810922645454
    },
    "TurbineHealth": {
      "rmse": 0.034216761975460475,
      "mae": 0.028628806576198516,
      "mape": 3.2331756118189863,
      "r2": 0.6148925268957005
    },
    "OverallHealth": {
      "rmse": 0.01758391721954861,
      "mae": 0.012850440316418339,
      "mape": 1.4560193542826176,
      "r2": 0.8979826749932242
    },
    "Thrust": {
      "rmse": 1759.7081316667197,
      "mae": 1318.0656169980118,
      "mape": 2.9298931402498676,
      "r2": 0.987234338224014
    },
    "TSFC": {
      "rmse": 8.272411098989406e-07,
      "mae": 6.513166632357771e-07,
      "mape": 2.987971858474723,
      "r2": 0.9847485311204781
    }
  }
}